###CREATE OR REPLACE VIEW语句修改视图
CREATE OR REPLACE [ALGORITHM={UNDEFINED|MERGE|TEMPTABLE}]
                VIEW 视图名 [(属性清单)]
                AS SELECT 语句
                [WITH [CASCADED|LOCAL] CHECK OPTION];
```
Database changed
mysql> CREATE OR REPLACE ALGORITHM=TEMPTABLE
    -> VIEW department_view1(department,funvtion,location)
    -> AS SELECT d_name,function,address FROM department;
Query OK, 0 rows affected (0.05 sec)

mysql> DESC department_view1;
+------------+-------------+------+-----+---------+-------+
| Field      | Type        | Null | Key | Default | Extra |
+------------+-------------+------+-----+---------+-------+
| department | varchar(20) | YES  |     | NULL    |       |
| funvtion   | varchar(50) | YES  |     | NULL    |       |
| location   | varchar(50) | YES  |     | NULL    |       |
+------------+-------------+------+-----+---------+-------+
3 rows in set (0.06 sec)
```
###ALTER语句修改视图
ALTER [ALGORITHM={UNDEFINED|MERGE|TEMPTABLE}]
                VIEW 视图名 [(属性清单)]
                AS SELECT 语句
                [WITH [CASCADED|LOCAL] CHECK OPTION];
```
mysql> DESC department_view2;
+----------+-------------+------+-----+---------+-------+
| Field    | Type        | Null | Key | Default | Extra |
+----------+-------------+------+-----+---------+-------+
| name     | varchar(20) | YES  |     | NULL    |       |
| function | varchar(50) | YES  |     | NULL    |       |
| location | varchar(50) | YES  |     | NULL    |       |
+----------+-------------+------+-----+---------+-------+
3 rows in set (0.00 sec)

mysql> ALTER VIEW department_view2(department,name,sex,location) AS SELECT d_name,worker.name,worker.sex,worker.address FROM department,worker WHERE department.d_id = worker.d_id WITH CHECK OPTION;           
Query OK, 0 rows affected (0.02 sec)

mysql> DESC department_view2;                                                   
+------------+-------------+------+-----+---------+-------+
| Field      | Type        | Null | Key | Default | Extra |
+------------+-------------+------+-----+---------+-------+
| department | varchar(20) | YES  |     | NULL    |       |
| name       | varchar(20) | YES  |     | NULL    |       |
| sex        | varchar(4)  | YES  |     | NULL    |       |
| location   | varchar(50) | YES  |     | NULL    |       |
+------------+-------------+------+-----+---------+-------+
4 rows in set (0.02 sec)

```
