视图是从一个或多个表中导出的表

CREATE [ALGORITHM={UNDEFINED|MERGE|TEMPTABLE}]
        VIEW 视图名 [(属性清单)]
        AS SELECT
        [WITH [CASCADED|LOCAL] CHECK OPTION];

视图选择算法--ALGORITHM:UNDEFINED（MySQL自动选择要使用的算法）,MERGE（使用视图的语句与视图定义合并起来，使得视图定义的某一部分取代语句的对应部分）,TEMPTABLE（将视图的结果存入临时表，然后使用零时表执行语句）

CASCADED：是默认值，表示更新视图时要满足相关视图和表的条件；LOCAL表示更新视图时，要满足视图本身定义的条件即可
##在单表上创建视图
```
mysql> CREATE TABLE department(d_id INT(4),d_name VARCHAR(20),function VARCHAR(50),address VARCHAR(50));
Query OK, 0 rows affected (0.07 sec)

mysql> CREATE VIEW department_view1  AS SELECT * FROM department;              
Query OK, 0 rows affected (0.00 sec)

mysql> DESC department_view1;
+----------+-------------+------+-----+---------+-------+
| Field    | Type        | Null | Key | Default | Extra |
+----------+-------------+------+-----+---------+-------+
| d_id     | int(4)      | YES  |     | NULL    |       |
| d_name   | varchar(20) | YES  |     | NULL    |       |
| function | varchar(50) | YES  |     | NULL    |       |
| address  | varchar(50) | YES  |     | NULL    |       |
+----------+-------------+------+-----+---------+-------+
4 rows in set (0.03 sec)
```
视图department_view1属性和department结果一致。因为，在未指定视图的属性列表的情况下，视图的属性名与SELECT语句查询的属性名相同
```
mysql> CREATE VIEW department_view2(name,function,location) AS SELECT d_name,function,address FROM department;
Query OK, 0 rows affected (0.02 sec)

mysql> DESC department_view2;
+----------+-------------+------+-----+---------+-------+
| Field    | Type        | Null | Key | Default | Extra |
+----------+-------------+------+-----+---------+-------+
| name     | varchar(20) | YES  |     | NULL    |       |
| function | varchar(50) | YES  |     | NULL    |       |
| location | varchar(50) | YES  |     | NULL    |       |
+----------+-------------+------+-----+---------+-------+
3 rows in set (0.00 sec)
```
department_view2属性分别为 name ，function， location。因为在创建视图时指定了属性列表。
###在多表上创建视图
worker和department表如下：
```
mysql> DESC worker;
+----------+--------------+------+-----+---------+-------+
| Field    | Type         | Null | Key | Default | Extra |
+----------+--------------+------+-----+---------+-------+
| name     | varchar(20)  | YES  |     | NULL    |       |
| sex      | varchar(4)   | YES  |     | NULL    |       |
| birthday | double(23,6) | YES  |     | NULL    |       |
| address  | varchar(50)  | YES  |     | NULL    |       |
| d_id     | int(4)       | YES  |     | NULL    |       |
+----------+--------------+------+-----+---------+-------+
5 rows in set (0.00 sec)

mysql> DESC department;
+----------+-------------+------+-----+---------+-------+
| Field    | Type        | Null | Key | Default | Extra |
+----------+-------------+------+-----+---------+-------+
| d_id     | int(4)      | YES  |     | NULL    |       |
| d_name   | varchar(20) | YES  |     | NULL    |       |
| function | varchar(50) | YES  |     | NULL    |       |
| address  | varchar(50) | YES  |     | NULL    |       |
+----------+-------------+------+-----+---------+-------+
4 rows in set (0.00 sec)
```
在表worker和department上创建一个名为worker_view1的视图
```
mysql> CREATE ALGORITHM=MERGE VIEW
    -> worker_view1(name,department,sex,age,address)
    -> AS SELECT name,department.d_name,sex,2009-birthday,worker.address
    -> FROM worker,department WHERE worker.d_id = department.d_id
    -> WITH LOCAL CHECK OPTION;
    
mysql> DESC worker_view1
    -> ;
+------------+--------------+------+-----+---------+-------+
| Field      | Type         | Null | Key | Default | Extra |
+------------+--------------+------+-----+---------+-------+
| name       | varchar(20)  | YES  |     | NULL    |       |
| department | varchar(20)  | YES  |     | NULL    |       |
| sex        | varchar(4)   | YES  |     | NULL    |       |
| age        | double(23,6) | YES  |     | NULL    |       |
| address    | varchar(50)  | YES  |     | NULL    |       |
+------------+--------------+------+-----+---------+-------+
5 rows in set (0.00 sec)
```
