##查询指定记录
WHERE子句用来指定查询条件
查询条件还有：
＝,>=,BETWEEN AND,NOT BETWEEN AND,LIKE,NOT LIKE,IS NULL,IS NOT NULL,AND,OR
```
mysql> SELECT * FROM emploee WHERE num=1;
+------+--------+------+------+----------+
| num  | name   | age  | sex  | homeaddr |
+------+--------+------+------+----------+
|    1 | 张三   |   26 | 男   | 北京     |
+------+--------+------+------+----------+
1 row in set (0.00 sec)
```
##带IN关键字的查询
```
mysql> SELECT*FROM emploee WHERE num IN(2,4);
+------+--------+------+------+----------+
| num  | name   | age  | sex  | homeaddr |
+------+--------+------+------+----------+
|    2 | 李思   |   24 | 女   | 北京     |
|    4 | Aric   |   15 | 男   | England  |
+------+--------+------+------+----------+
2 rows in set (0.01 sec)
```
```
mysql> SELECT * FROM emploee WHERE name NOT IN('张三');
+------+--------+------+------+----------+
| num  | name   | age  | sex  | homeaddr |
+------+--------+------+------+----------+
|    2 | 李思   |   24 | 女   | 北京     |
|    3 | 王五   |   25 | 男   | 长沙     |
|    4 | Aric   |   15 | 男   | England  |
+------+--------+------+------+----------+
3 rows in set (0.00 sec)
```
##查询结果不重复
表中可能存在字段重复的现象
```
mysql> SELECT num FROM emploee;
+------+
| num  |
+------+
|    1 |
|    2 |
|    3 |
|    4 |
|    1 |
+------+
5 rows in set (0.00 sec)

```
可以使用DISTINCT来消除查询结果中的重复记录。
```
mysql> SELECT DISTINCT num FROM emploee;
+------+
| num  |
+------+
|    1 |
|    2 |
|    3 |
|    4 |
+------+
4 rows in set (0.00 sec)
```
##对查询结果进行排序
在使用SELECT语句之前，先查看employee表
```
mysql> SELECT* FROM emploee;
+------+--------+------+------+----------+
| num  | name   | age  | sex  | homeaddr |
+------+--------+------+------+----------+
|    1 | 张三   |   26 | 男   | 北京     |
|    2 | 李思   |   24 | 女   | 北京     |
|    3 | 王五   |   25 | 男   | 长沙     |
|    4 | Aric   |   15 | 男   | England  |
|    1 | 天天   |   22 | 男   | 南京     |
+------+--------+------+------+----------+
5 rows in set (0.00 sec)
```
排序：
```
mysql> SELECT* FROM emploee ORDER BY age ASC;
+------+--------+------+------+----------+
| num  | name   | age  | sex  | homeaddr |
+------+--------+------+------+----------+
|    4 | Aric   |   15 | 男   | England  |
|    1 | 天天   |   22 | 男   | 南京     |
|    2 | 李思   |   24 | 女   | 北京     |
|    3 | 王五   |   25 | 男   | 长沙     |
|    1 | 张三   |   26 | 男   | 北京     |
+------+--------+------+------+----------+
5 rows in set (0.00 sec)
```
##分组查询
GROUP BY 属性名 [HAVING 条件表达式][WITH ROLLUP]

HAVING 条件表达式：用来限制分组之后的显示，满足条件额表达式将显示出来

WITH ROLLUP：将在所有的记录最后加上一条记录
###GROUP BY和GROUP_CONCAT()函数一起使用
```
mysql> SELECT sex,GROUP_CONCAT(name) FROM emploee GROUP BY sex;
+------+---------------------------+
| sex  | GROUP_CONCAT(name)        |
+------+---------------------------+
| 女   | 李思                      |
| 男   | 张三,王五,Aric,天天       |
+------+---------------------------+
2 rows in set (0.01 sec)
```
###GROUP BY和集合函数一起使用
```
mysql> SELECT sex,COUNT(sex) FROM emploee GROUP BY sex;
+------+------------+
| sex  | COUNT(sex) |
+------+------------+
| 女   |          1 |
| 男   |          4 |
+------+------------+
2 rows in set (0.00 sec)
```
###GROUP BY和HAVING一起使用
```mysql> SELECT sex,COUNT(sex) FROM emploee GROUP BY sex HAVING COUNT(sex)>=3;
+------+------------+
| sex  | COUNT(sex) |
+------+------------+
| 男   |          4 |
+------+------------+
1 row in set (0.01 sec)
```
##用LIMIT限制查询结果的数量
```
mysql> SELECT* FROM emploee LIMIT 2;
+------+--------+------+------+----------+
| num  | name   | age  | sex  | homeaddr |
+------+--------+------+------+----------+
|    1 | 张三   |   26 | 男   | 北京     |
|    2 | 李思   |   24 | 女   | 北京     |
+------+--------+------+------+----------+
2 rows in set (0.00 sec)
```
只显示了两条记录
