关键字：UNION

先查看department和emploee表中的d_id字段
```
mysql> SELECT d_id FROM department;
+------+
| d_id |
+------+
| 1001 |
| 1002 |
+------+
2 rows in set (0.00 sec)

mysql> SELECT d_id FROM emploee;
+------+
| d_id |
+------+
| 1001 |
| 1001 |
| 1002 |
| 1003 |
| 1001 |
+------+
5 rows in set (0.00 sec)
```
对查询结果进行连接
```
mysql> SELECT d_id FROM department
    -> UNION
    -> SELECT d_id FROM emploee;
+------+
| d_id |
+------+
| 1001 |
| 1002 |
| 1003 |
+------+
3 rows in set (0.01 sec)
```
使用UNION ALL
```
mysql> SELECT d_id FROM department UNION ALL SELECT d_id FROM emploee;
+------+
| d_id |
+------+
| 1001 |
| 1002 |
| 1001 |
| 1001 |
| 1002 |
| 1003 |
| 1001 |
+------+
7 rows in set (0.00 sec)

```
