 从emploee表中查询出num,name,age,sex,homeaddr等5个字段的所有记录
 ```
 mysql> SELECT num,name,age,sex,homeaddr FROM emploee;
+------+--------+------+------+----------+
| num  | name   | age  | sex  | homeaddr |
+------+--------+------+------+----------+
|    1 | 张三   |   26 | 男   | 北京     |
|    2 | 李思   |   24 | 女   | 北京     |
|    3 | 王五   |   25 | 男   | 长沙     |
|    4 | Aric   |   15 | 男   | England  |
+------+--------+------+------+----------+
4 rows in set (0.00 sec)
 ```
 从emploee中查询出age小于26的记录，按照num字段降序进行排列。
 ```
 mysql> SELECT num,name,age,sex,homeaddr FROM emploee WHERE age<26 ORDER BY num DESC;
+------+--------+------+------+----------+
| num  | name   | age  | sex  | homeaddr |
+------+--------+------+------+----------+
|    4 | Aric   |   15 | 男   | England  |
|    3 | 王五   |   25 | 男   | 长沙     |
|    2 | 李思   |   24 | 女   | 北京     |
+------+--------+------+------+----------+
3 rows in set (0.00 sec)
 ```
 可以使用“＊”代替所有字段
```
mysql> SELECT * FROM emploee;
+------+--------+------+------+----------+
| num  | name   | age  | sex  | homeaddr |
+------+--------+------+------+----------+
|    1 | 张三   |   26 | 男   | 北京     |
|    2 | 李思   |   24 | 女   | 北京     |
|    3 | 王五   |   25 | 男   | 长沙     |
|    4 | Aric   |   15 | 男   | England  |
+------+--------+------+------+----------+
4 rows in set (0.00 sec)
```
