##带IN关键字的子查询
```
mysql> SELECT * FROM emploee
    -> WHERE d_id IN
    -> (SELECT d_id FROM department);
+------+--------+------+------+----------+------+
| num  | name   | age  | sex  | homeaddr | d_id |
+------+--------+------+------+----------+------+
|    1 | 张三   |   26 | 男   | 北京     | 1001 |
|    2 | 李思   |   24 | 女   | 北京     | 1001 |
|    3 | 王五   |   25 | 男   | 长沙     | 1002 |
|    1 | 天天   |   22 | 男   | 南京     | 1001 |
+------+--------+------+------+----------+------+
4 rows in set (0.01 sec)

mysql> SELECT * FROM emploee;
+------+--------+------+------+----------+------+
| num  | name   | age  | sex  | homeaddr | d_id |
+------+--------+------+------+----------+------+
|    1 | 张三   |   26 | 男   | 北京     | 1001 |
|    2 | 李思   |   24 | 女   | 北京     | 1001 |
|    3 | 王五   |   25 | 男   | 长沙     | 1002 |
|    4 | Aric   |   15 | 男   | England  | 1003 |
|    1 | 天天   |   22 | 男   | 南京     | 1001 |
+------+--------+------+------+----------+------+
5 rows in set (0.00 sec)
```
##带EXISTS关键字的子查询

还有NOT EXISTS关键字，和EXISTS用法相似

如果department中存在d_id＝1002的记录，则查询emploee表的记录
```
mysql> SELECT * FROM emploee WHERE EXISTS (SELECT d_name FROM department WHERE d_id=1002);
+------+--------+------+------+----------+------+
| num  | name   | age  | sex  | homeaddr | d_id |
+------+--------+------+------+----------+------+
|    1 | 张三   |   26 | 男   | 北京     | 1001 |
|    2 | 李思   |   24 | 女   | 北京     | 1001 |
|    3 | 王五   |   25 | 男   | 长沙     | 1002 |
|    4 | Aric   |   15 | 男   | England  | 1003 |
|    1 | 天天   |   22 | 男   | 南京     | 1001 |
+------+--------+------+------+----------+------+
5 rows in set (0.00 sec)
```
如果department中存在d_id＝1003的记录，则查询emploee表的记录
```
mysql> SELECT * FROM emploee WHERE EXISTS (SELECT d_name FROM department WHERE d_id=1003);
Empty set (0.00 sec)
```
如果department中存在d_id＝1003的记录，则查询emploee表中age大于24的记录
```
mysql> SELECT * FROM emploee WHERE age > 24 AND EXISTS (SELECT d_name FROM department WHERE d_id=1001);
+------+--------+------+------+----------+------+
| num  | name   | age  | sex  | homeaddr | d_id |
+------+--------+------+------+----------+------+
|    1 | 张三   |   26 | 男   | 北京     | 1001 |
|    3 | 王五   |   25 | 男   | 长沙     | 1002 |
+------+--------+------+------+----------+------+
2 rows in set (0.00 sec)
```
##带ANY关键字的子查询
ANY表示满足其中任一条件
```
mysql> SELECT *FROM computer_stu;
+------+------+-------+
| id   | name | score |
+------+------+-------+
| 1001 | Q    |    85 |
| 1002 | W    |    91 |
| 1003 | E    |    87 |
| 1004 | R    |    77 |
| 1005 | T    |    65 |
| 1006 | Y    |    99 |
| 1007 | Y    |    85 |
| 1008 | U    |    70 |
+------+------+-------+
8 rows in set (0.00 sec)

mysql> SELECT *FROM scholarship;
+-------+-------+
| level | score |
+-------+-------+
|     1 |    90 |
|     2 |    80 |
|     3 |    70 |
+-------+-------+
3 rows in set (0.00 sec)
```
```
mysql> SELECT *FROM computer_stu
    -> WHERE score >= ANY
    -> (SELECT score FROM scholarship);
+------+------+-------+
| id   | name | score |
+------+------+-------+
| 1001 | Q    |    85 |
| 1002 | W    |    91 |
| 1003 | E    |    87 |
| 1004 | R    |    77 |
| 1006 | Y    |    99 |
| 1007 | Y    |    85 |
| 1008 | U    |    70 |
+------+------+-------+
7 rows in set (0.01 sec)
```
结果显示有7个人可以获得奖学金，id为1005的学生分数是65，没有奖学金
##带ALL关键字的子查询
```
mysql> SELECT *FROM computer_stu WHERE score >= ALL (SELECT score FROM scholarship);
+------+------+-------+
| id   | name | score |
+------+------+-------+
| 1002 | W    |    91 |
| 1006 | Y    |    99 |
+------+------+-------+
2 rows in set (0.00 sec)
```
获得一等奖学金的人
