department表的内容：
```
mysql> SELECT * FROM department;
+------+-----------+--------------------------+-------------+
| d_id | d_name    | function                 | address     |
+------+-----------+--------------------------+-------------+
| 1001 | 人事部    | 管理公司人员变动             | 2号楼3层    |
| 1002 | 生产部    | 主管生产                    | 5号楼1层    |
+------+-----------+--------------------------+-------------+
```
创建视图department_view3
```
mysql> CREATE VIEW department_view3(name,function,address)
    -> AS SELECT d_name,function,address FROM department WHERE d_id=1001;
Query OK, 0 rows affected (0.03 sec)

mysql> SELECT * FROM department_view3;
+-----------+--------------------------+-------------+
| name      | function                 | address     |
+-----------+--------------------------+-------------+
| 人事部    | 管理公司人员变动         | 2号楼3层    |
+-----------+--------------------------+-------------+
1 row in set (0.00 sec)
```
在department_view3中更新一条记录
```
mysql> UPDATE department_view3 SET name='科研部',function='新产品研发',address='3号楼5层';
Query OK, 1 row affected (0.01 sec)
Rows matched: 1  Changed: 1  Warnings: 0

mysql> SELECT * FROM department_view3;
+-----------+-----------------+-------------+
| name      | function        | address     |
+-----------+-----------------+-------------+
| 科研部    | 新产品研发      | 3号楼5层    |
+-----------+-----------------+-------------+
1 row in set (0.00 sec)
```
视图更新成功，再次查询department表的纪录。
```
mysql> SELECT * FROM department;
+------+-----------+-----------------+-------------+
| d_id | d_name    | function        | address     |
+------+-----------+-----------------+-------------+
| 1001 | 科研部    | 新产品研发      | 3号楼5层    |
| 1002 | 生产部    | 主管生产        | 5号楼1层    |
+------+-----------+-----------------+-------------+
2 rows in set (0.00 sec)
```
d_id＝1001的纪录明显改变，这说明对视图的更新其实是对表的更新
##不是所有的视图都可以更新
###视图中包含SUM(),COUNT(),MAX(),MIN()等函数
###视图中包含UNION,UNION ALL,DISTINCT,GROUP BY,HAVIG等关键字
###常量视图
```
mysql> CREATE VIEW worker_view6
    -> AS SELECT 'Aric' as name;
Query OK, 0 rows affected (0.01 sec)

mysql> UPDATE worker_view6 SET name='hjh';
ERROR 1288 (HY000): The target table worker_view6 of the UPDATE is not updatable
```
name字段是个字符串常量'Aric'，不可更新
###视图中SELECT中包含子查询
例如：
```
mysql>  CREATE VIEW worker_view7(name)
    -> AS SELECT (SELECT name FORM worker);
```
###由不可更新的视图导出的视图
```
mysql> CREATE VIEW worker_view8
    -> AS SELECT * FROM worker_view7;
```
其中worker_view7是不可更新的视图
###创建视图时，ALGORITHM为TEMPTABLE类型
